{
	"general": {
		"icons": {
			"expand": "cssIcon=AndroidLightIcon AndroidLightIconRight",
			"collapse": "cssIcon=AndroidLightIcon AndroidLightIconDown",
			"help": "cssIcon=AndroidLightIcon AndroidLightIconHelp",
			"info": "cssIcon=AndroidLightIcon AndroidLightIconInfo",
			"warning": "cssIcon=AndroidLightIcon AndroidLightIconWarning",
			"error": "cssIcon=AndroidLightIcon AndroidLightIconError",
			"menu": "cssIcon=AndroidLightIcon AndroidLightIconMenu",
			"refresh": "cssIcon=AndroidLightIcon AndroidLightIconRefresh",
			"refreshDisabled": "cssIcon=AndroidLightIcon AndroidLightIconDisabled AndroidLightIconRefresh",
			"panel": {
				"collapseRight": "cssIcon=AndroidLightIcon AndroidLightIconLast",
				"expandRight": "cssIcon=AndroidLightIcon AndroidLightIconFirst",
				"collapseLeft": "cssIcon=AndroidLightIcon AndroidLightIconFirst",
				"expandLeft": "cssIcon=AndroidLightIcon AndroidLightIconLast"
			},
			"list": {
				"navigation": "cssIcon=AndroidLightIcon AndroidLightIconRight",
				"navigationSubtle": "cssIcon=AndroidLightIcon AndroidLightIconRight"
			},
			"edit": {
				"dropdown": "cssIcon=AndroidLightIcon AndroidLightIconDown",
				"date": "cssIcon=AndroidLightIcon AndroidLightIconDown",
				"dateTime": "cssIcon=AndroidLightIcon AndroidLightIconDown",
				"time": "cssIcon=AndroidLightIcon AndroidLightIconDown",
				"lookup": "cssIcon=AndroidLightIcon AndroidLightIconDown",
				"calculator": "cssIcon=AndroidLightIcon AndroidLightIconDown"
			}
		},
		"pageClassName": "AndroidLightPage",
		"headingClassName": "AndroidLightHeading",
		"text": {
			"className": "AndroidLightText",
			"highlightClassName": "AndroidLightTextHighlight"
		},
		"linkClassName": "AndroidLightLink",
		"group": {
			"className": "AndroidLightGroup",
			"labelClassName": "AndroidLightGroupLabel"
		},
		"iconSet": {
			"type": ""
		}
	},
	"grid": {
		"base": {
			"grid": {
				"className": "AndroidLightGrid",
				"headerClassName": "AndroidLightGridHeader",
				"footerClassName": "AndroidLightGridFooter",
				"summaryLabelClassName": "AndroidLightGridSummaryLabel",
				"summaryDataClassName": "AndroidLightGridSummaryData",
				"qbeClassName": "AndroidLightGridQBE",
				"separatorClassName": "AndroidLightGridSeparator",
				"rowHeaderClassName": "AndroidLightGridRowHeader",
				"rowHoverClassName": "AndroidLightGridRowHover",
				"rowSelectedClassName": "AndroidLightGridRowSelected",
				"dataHeaderClassName": "AndroidLightGridDataHeader",
				"dataClassName": "AndroidLightGridData",
				"dataAltClassName": "AndroidLightGridDataAlt",
				"dataErrorClassName": "AndroidLightGridDataError",
				"navClassName": "AndroidLightGridNav"
			},
			"detailView": {
				"className": "AndroidLightGridForm",
				"labelClassName": "AndroidLightGridFormLabel",
				"dataClassName": "AndroidLightGridFormData",
				"dataErrorClassName": "AndroidLightGridFormDataError"
			},
			"icons": {
				"sort": {
					"asc": "cssIcon=AndroidLightIconSm AndroidLightIconUp",
					"ascDisabled": "cssIcon=AndroidLightIconSm AndroidLightIconDisabled AndroidLightIconUp",
					"desc": "cssIcon=AndroidLightIconSm AndroidLightIconDown",
					"descDisabled": "cssIcon=AndroidLightIconSm AndroidLightIconDisabled AndroidLightIconDown"
				},
				"page": {
					"first": "cssIcon=AndroidLightIcon AndroidLightIconFirst",
					"firstDisabled": "cssIcon=AndroidLightIcon AndroidLightIconDisabled AndroidLightIconFirst",
					"prev": "cssIcon=AndroidLightIcon AndroidLightIconLeft",
					"prevDisabled": "cssIcon=AndroidLightIcon AndroidLightIconDisabled AndroidLightIconLeft",
					"next": "cssIcon=AndroidLightIcon AndroidLightIconRight",
					"nextDisabled": "cssIcon=AndroidLightIcon AndroidLightIconDisabled AndroidLightIconRight",
					"last": "cssIcon=AndroidLightIcon AndroidLightIconLast",
					"lastDisabled": "cssIcon=AndroidLightIcon AndroidLightIconDisabled AndroidLightIconLast"
				},
				"row": {
					"selected": "cssIcon=AndroidLightIcon AndroidLightIconRight",
					"newRow": "cssIcon=AndroidLightIcon AndroidLightIconDisabled AndroidLightIconNew",
					"newRowSelected": "cssIcon=AndroidLightIcon AndroidLightIconNew",
					"expand": "cssIcon=AndroidLightIcon AndroidLightIconRight",
					"collapse": "cssIcon=AndroidLightIcon AndroidLightIconDown",
					"error": "cssIcon=AndroidLightIcon AndroidLightIconError",
					"edit": "cssIcon=AndroidLightIcon AndroidLightIconEdit",
					"editDisabled": "cssIcon=AndroidLightIcon AndroidLightIconDisabled AndroidLightIconEdit",
					"save": "cssIcon=AndroidLightIcon AndroidLightIconSave",
					"saveDisabled": "cssIcon=AndroidLightIcon AndroidLightIconDisabled AndroidLightIconSave",
					"undoEdits": "cssIcon=AndroidLightIcon AndroidLightIconUndo",
					"undoEditsDisabled": "cssIcon=AndroidLightIcon AndroidLightIconDisabled AndroidLightIconUndo",
					"cancelEdits": "cssIcon=AndroidLightIcon AndroidLightIconCancelEdit",
					"cancelEditsDisabled": "cssIcon=AndroidLightIcon AndroidLightIconDisabled AndroidLightIconCancelEdit",
					"deleteRow": "cssIcon=AndroidLightIcon AndroidLightIconDelete",
					"deleteRowDisabled": "cssIcon=AndroidLightIcon AndroidLightIconDisabled AndroidLightIconDelete"
				},
				"qbe": {
					"menu": "cssIcon=AndroidLightIcon AndroidLightIconFilter",
					"toggle": "cssIcon=AndroidLightIcon AndroidLightIconFilter",
					"selected": "cssIcon=AndroidLightIconSm AndroidLightIconCheck"
				},
				"search": {
					"search": "cssIcon=AndroidLightIcon AndroidLightIconSearch",
					"clear": "cssIcon=AndroidLightIcon AndroidLightIconDisabled AndroidLightIconFilter",
					"toggle": "cssIcon=AndroidLightIcon AndroidLightIconFilter",
					"save": "cssIcon=AndroidLightIcon AndroidLightIconSave",
					"load": "cssIcon=AndroidLightIcon AndroidLightIconLoad"
				},
				"record": {
					"close": "cssIcon=AndroidLightIcon AndroidLightIconClose",
					"first": "cssIcon=AndroidLightIcon AndroidLightIconFirst",
					"firstDisabled": "cssIcon=AndroidLightIcon AndroidLightIconDisabled AndroidLightIconFirst",
					"prev": "cssIcon=AndroidLightIcon AndroidLightIconLeft",
					"prevDisabled": "cssIcon=AndroidLightIcon AndroidLightIconDisabled AndroidLightIconLeft",
					"next": "cssIcon=AndroidLightIcon AndroidLightIconRight",
					"nextDisabled": "cssIcon=AndroidLightIcon AndroidLightIconDisabled AndroidLightIconRight",
					"last": "cssIcon=AndroidLightIcon AndroidLightIconLast",
					"lastDisabled": "cssIcon=AndroidLightIcon AndroidLightIconDisabled AndroidLightIconLast",
					"newRecord": "cssIcon=AndroidLightIcon AndroidLightIconNew",
					"save": "cssIcon=AndroidLightIcon AndroidLightIconSave",
					"saveDisabled": "cssIcon=AndroidLightIcon AndroidLightIconDisabled AndroidLightIconSave",
					"saveAndEnter": "cssIcon=AndroidLightIcon AndroidLightIconSaveAndEnter",
					"saveAndEnterDisabled": "cssIcon=AndroidLightIcon AndroidLightIconDisabled AndroidLightIconSaveAndEnter",
					"deleteRecord": "cssIcon=AndroidLightIcon AndroidLightIconDelete",
					"deleteRecordDisabled": "cssIcon=AndroidLightIcon AndroidLightIconDisabled AndroidLightIconDelete",
					"switchToView": "cssIcon=AndroidLightIcon AndroidLightIconCancel",
					"switchToEdit": "cssIcon=AndroidLightIcon AndroidLightIconEdit",
					"cancelEdits": "cssIcon=AndroidLightIcon AndroidLightIconCancelEdit",
					"cancelEditsDisabled": "cssIcon=AndroidLightIcon AndroidLightIconDisabled AndroidLightIconCancelEdit",
					"newCancelEdits": "cssIcon=AndroidLightIcon AndroidLightIconCancelEdit"
				}
			}
		}
	},
	"ux": {
		"base": {
			"labelClassName": "AndroidLightDialogLabel",
			"repeatingSection": {
				"headerClassName": "AndroidLightDialogRSHeader",
				"footerClassName": "AndroidLightDialogRSFooter",
				"rowClassName": "AndroidLightDialogRSRow",
				"rowSelectedClassName": "AndroidLightDialogRSRowSelected",
				"rowHoverClassName": "AndroidLightDialogRSRowHover",
				"rowErrorClassName": "AndroidLightDialogRSRowError",
				"rowSeparatorClassName": "AndroidLightDialogRSRowSeparator"
			},
			"icons": {
				"repeatingSection": {
					"rowSelected": "cssIcon=AndroidLightIcon AndroidLightIconRight",
					"rowError": "cssIcon=AndroidLightIconBtn AndroidLightIconError",
					"rowAdd": "cssIcon=AndroidLightIconBtn AndroidLightIconAdd",
					"rowDelete": "cssIcon=AndroidLightIconBtn AndroidLightIconDelete"
				}
			}
		}
	},
	"panelCard": {
		"base": {
			"className": "AndroidLightPanelCard",
			"header": {
				"className": "AndroidLightPanelHeader"
			},
			"body": {
				"className": "AndroidLightPanelBody"
			},
			"footer": {
				"className": "AndroidLightPanelFooter"
			}
		},
		"top": {
			"className": "AndroidLightPanelCard",
			"header": {
				"className": "AndroidLightPanelHeader"
			},
			"body": {
				"className": "AndroidLightPanelBody"
			},
			"footer": {
				"className": "AndroidLightPanelFooter"
			}
		}
	},
	"panelNavigator": {
		"base": {
			"className": "AndroidLightPanelNav",
			"header": {
				"className": "AndroidLightPanelHeader"
			},
			"body": {
				"className": "AndroidLightPanelBody"
			},
			"footer": {
				"className": "AndroidLightPanelFooter"
			},
			"indicator": {
				"className": "AndroidLightPanelNavInd",
				"panelClassName": "AndroidLightPanelNavIndButton",
				"panelSelectedClassName": "AndroidLightPanelNavIndButtonSelected"
			}
		},
		"top": {
			"className": "AndroidLightPanelNav",
			"header": {
				"className": "AndroidLightPanelHeader"
			},
			"body": {
				"className": "AndroidLightPanelBody"
			},
			"footer": {
				"className": "AndroidLightPanelFooter"
			},
			"indicator": {
				"className": "AndroidLightPanelNavInd",
				"panelClassName": "AndroidLightPanelNavIndButton",
				"panelSelectedClassName": "AndroidLightPanelNavIndButtonSelected"
			}
		}
	},
	"panelLayout": {
		"base": {
			"className": "AndroidLightPanelLayout",
			"header": {
				"className": "AndroidLightPanelHeader"
			},
			"body": {
				"className": "AndroidLightPanelBody",
				"ltrClassName": "",
				"rtlClassName": "",
				"ttbClassName": "",
				"bttClassName": ""
			},
			"footer": {
				"className": "AndroidLightPanelFooter"
			},
			"dock": {
				"panel": {
					"beforeClassName": "",
					"afterClassName": ""
				},
				"flowLock": {
					"className": ""
				}
			}
		},
		"top": {
			"className": "AndroidLightPanelLayout",
			"header": {
				"className": "AndroidLightPanelHeader"
			},
			"body": {
				"className": "AndroidLightPanelBody",
				"ltrClassName": "",
				"rtlClassName": "",
				"ttbClassName": "",
				"bttClassName": ""
			},
			"footer": {
				"className": "AndroidLightPanelFooter"
			},
			"dock": {
				"panel": {
					"beforeClassName": "",
					"afterClassName": ""
				},
				"flowLock": {
					"className": ""
				}
			}
		}
	},
	"window": {
		"base": {
			"className": "AndroidLightWin",
			"activeClassName": "",
			"adjustmentClassName": "",
			"outerWrapClassName": "AndroidLightWinInner",
			"innerWrapClassName": "AndroidLightWinBodyContainer",
			"lockUIClassName": "AndroidLightUILock",
			"title": {
				"className": "AndroidLightWinTitle",
				"tools": {
					"inset": "3px",
					"verticalInset": "3px",
					"className": ""
				},
				"location": "",
				"direction": ""
			},
			"header": {
				"className": "AndroidLightWinHeader"
			},
			"tbar": {
				"className": "AndroidLightWinTBar"
			},
			"body": {
				"className": "AndroidLightWinBody"
			},
			"buttons": {
				"className": "AndroidLightWinButtons"
			},
			"bbar": {
				"className": "AndroidLightWinBBar"
			},
			"footer": {
				"className": "AndroidLightWinFooter"
			},
			"resizer": {
				"className": "AndroidLightWinResizer",
				"thumbImage": "cssIcon=AndroidLightIcon AndroidLightIconResizeThumb"
			},
			"pointer": {
				"size": 15,
				"upClassName": "AndroidLightWinPointerUp",
				"leftClassName": "AndroidLightWinPointerLeft",
				"downClassName": "AndroidLightWinPointerDown",
				"rightClassName": "AndroidLightWinPointerRight"
			},
			"_buttonDefaults": {
				"className": "AndroidLightButton",
				"hoverClassName": "AndroidLightButtonHover",
				"pressedClassName": "AndroidLightButtonPressed",
				"disabledClassName": "AndroidLightButtonDisabled"
			},
			"_defaultTools": {
				"close": {
					"action": "close",
					"name": "close",
					"image": "cssIcon=AndroidLightIcon AndroidLightIconClose",
					"imageHover": "",
					"imagePressed": ""
				}
			}
		},
		"dropdown": {
			"className": "AndroidLightDDWin",
			"activeClassName": "",
			"adjustmentClassName": "",
			"outerWrapClassName": "AndroidLightDDWinInner",
			"innerWrapClassName": "AndroidLightDDWinBodyContainer",
			"lockUIClassName": "AndroidLightUILock",
			"title": {
				"className": "AndroidLightDDWinTitle",
				"tools": {
					"inset": "3px",
					"verticalInset": "3px",
					"className": ""
				},
				"location": "",
				"direction": ""
			},
			"header": {
				"className": "AndroidLightDDWinHeader"
			},
			"tbar": {
				"className": "AndroidLightDDWinTBar"
			},
			"body": {
				"className": "AndroidLightDDWinBody"
			},
			"buttons": {
				"className": "AndroidLightDDWinButtons"
			},
			"bbar": {
				"className": "AndroidLightDDWinBBar"
			},
			"footer": {
				"className": "AndroidLightDDWinFooter"
			},
			"resizer": {
				"className": "AndroidLightDDWinResizer",
				"thumbImage": "cssIcon=AndroidLightIcon AndroidLightIconResizeThumb"
			},
			"pointer": {
				"size": 15,
				"upClassName": "AndroidLightDDWinPointerUp",
				"leftClassName": "AndroidLightDDWinPointerLeft",
				"downClassName": "AndroidLightDDWinPointerDown",
				"rightClassName": "AndroidLightDDWinPointerRight"
			},
			"_buttonDefaults": {
				"className": "AndroidLightButton",
				"hoverClassName": "AndroidLightButtonHover",
				"pressedClassName": "AndroidLightButtonPressed",
				"disabledClassName": "AndroidLightButtonDisabled"
			},
			"_defaultTools": {
				"close": {
					"action": "close",
					"name": "close",
					"image": "cssIcon=AndroidLightIcon AndroidLightIconClose",
					"imageHover": "",
					"imagePressed": ""
				}
			}
		},
		"panel": {
			"className": "AndroidLightPanelCard",
			"activeClassName": "",
			"adjustmentClassName": "",
			"outerWrapClassName": "",
			"innerWrapClassName": "",
			"lockUIClassName": "AndroidLightUILock",
			"title": {
				"className": "AndroidLightPanelHeader",
				"location": "",
				"direction": "",
				"tools": {
					"inset": "2px",
					"verticalInset": "",
					"className": ""
				}
			},
			"header": {
				"className": "AndroidLightPanelHeader"
			},
			"tbar": {
				"className": "AndroidLightPanelHeader"
			},
			"body": {
				"className": "AndroidLightPanelBody"
			},
			"buttons": {
				"className": "AndroidLightPanelFooter"
			},
			"bbar": {
				"className": "AndroidLightPanelFooter"
			},
			"footer": {
				"className": "AndroidLightPanelFooter"
			},
			"resizer": {
				"className": "AndroidLightDDWinResizer",
				"thumbImage": "cssIcon=AndroidLightIcon AndroidLightIconResizeThumb"
			},
			"_buttonDefaults": {
				"className": "AndroidLightButton",
				"hoverClassName": "AndroidLightButtonHover",
				"pressedClassName": "AndroidLightButtonPressed",
				"disabledClassName": "AndroidLightButtonDisabled"
			},
			"_defaultTools": {
				"close": {
					"action": "close",
					"name": "close",
					"image": "cssIcon=AndroidLightIcon AndroidLightIconClose",
					"imageHover": "",
					"imagePressed": ""
				}
			},
			"pointer": {
				"size": 10,
				"upClassName": "",
				"leftClassName": "",
				"downClassName": "",
				"rightClassName": ""
			}
		}
	},
	"menu": {
		"base": {
			"className": "AndroidLightMenu",
			"innerClassName": "AndroidLightMenuInner",
			"iconColumn": {
				"className": "",
				"preventIndentClassName": "",
				"width": "30px"
			},
			"cascadeOffsetX": 0,
			"cascadeOffsetY": -2,
			"item": {
				"className": "AndroidLightMenuItem",
				"labelClassName": "",
				"hoverClassName": "AndroidLightMenuItemHover",
				"selectedClassName": "AndroidLightMenuItemSelected",
				"disabledClassName": "AndroidLightMenuItemDisabled",
				"disabledHoverClassName": "",
				"cascadeClassName": "AndroidLightMenuItemCascade",
				"separatorClassName": "AndroidLightMenuSeparator",
				"titleClassName": "AndroidLightMenuTitle",
				"radioImage": "cssIcon=AndroidLightIconSm AndroidLightIconRadio",
				"checkImage": "cssIcon=AndroidLightIconSm AndroidLightIconCheck",
				"iconClassName": ""
			},
			"pointer": {
				"show": true,
				"location": "auto",
				"size": 15,
				"upClassName": "AndroidLightMenuPointerUp",
				"leftClassName": "AndroidLightMenuPointerLeft",
				"downClassName": "AndroidLightMenuPointerDown",
				"rightClassName": "AndroidLightMenuPointerRight"
			}
		}
	},
	"menubar": {
		"base": {
			"item": {
				"className": "AndroidLightMenubarHItem",
				"hoverClassName": "AndroidLightMenubarHItemHover",
				"pressedClassName": "AndroidLightMenubarHItemPressed",
				"disabledClassName": "AndroidLightMenubarHItemDisabled",
				"cascadeClassName": "AndroidLightMenubarHItemCascade",
				"separatorClassName": "AndroidLightMenubarHSeparator"
			},
			"className": "",
			"layout": "horizontal"
		},
		"vertical": {
			"item": {
				"className": "AndroidLightMenubarVItem",
				"hoverClassName": "AndroidLightMenubarVItemHover",
				"pressedClassName": "AndroidLightMenubarVItemPressed",
				"disabledClassName": "AndroidLightMenubarVItemDisabled",
				"cascadeClassName": "AndroidLightMenubarVItemCascade",
				"separatorClassName": "AndroidLightMenubarVSeparator"
			},
			"className": "",
			"layout": "horizontal"
		}
	},
	"listbox": {
		"base": {
			"className": "AndroidLightList",
			"focusClassName": "",
			"item": {
				"className": "AndroidLightListItem",
				"hoverClassName": "",
				"selectedClassName": "AndroidLightListItemSelected",
				"titleClassName": "AndroidLightListTitle",
				"separatorClassName": "AndroidLightListSeparator",
				"parts": {
					"mainClassName": "AndroidLightListItemLabelMain",
					"subClassName": "AndroidLightListItemLabelSub",
					"contextClassName": "AndroidLightListItemLabelContext",
					"detailClassName": "AndroidLightListItemLabelDetail",
					"contentClassName": "AndroidLightListItemContent",
					"icons": {
						"navigate": "cssIcon=AndroidLightIcon AndroidLightIconRight",
						"navigateSubtle": "cssIcon=AndroidLightIcon AndroidLightIconRight"
					}
				}
			},
			"view": {
				"navigation": {
					"prev": {
						"className": "AndroidLightListNavPrev",
						"pressedClassName": "AndroidLightListNavPressed"
					},
					"next": {
						"className": "AndroidLightListNavNext",
						"pressedClassName": "AndroidLightListNavPressed"
					}
				}
			},
			"group": {
				"navigator": {
					"className": "AndroidLightListGroupNav",
					"focusClassName": "AndroidLightListGroupNavFocus",
					"location": "right",
					"offset": 4,
					"size": 28
				}
			},
			"columnLayout": {
				"header": {
					"className": "AndroidLightListHeader",
					"item": {
						"className": "AndroidLightListHeaderItem",
						"hoverClassName": "",
						"order": {
							"ascendingImage": "cssIcon=AndroidLightIconSm AndroidLightIconUp",
							"descendingImage": "cssIcon=AndroidLightIconSm AndroidLightIconDown",
							"style": "position: absolute; right: 12px; top: 50%; margin-top: -9px; display: none;",
							"className": ""
						},
						"resize": {
							"className": "AndroidLightListHeaderItemResizeOverlay",
							"handle": {
								"size": "40px",
								"className": ""
							},
							"location": "after"
						}
					}
				},
				"data": {
					"item": {
						"className": ""
					}
				}
			},
			"disabledClassName": "",
			"header": {
				"className": ""
			},
			"footer": {
				"className": ""
			},
			"lock": {
				"className": ""
			},
			"content": {
				"header": {
					"className": ""
				},
				"footer": {
					"className": ""
				}
			}
		}
	},
	"spinList": {
		"base": {
			"className": "AndroidLightSpinList",
			"item": {
				"className": "AndroidLightSpinListItem"
			},
			"disabledClassName": "",
			"groupClassName": "AndroidLightSpinListGroup"
		}
	},
	"tree": {
		"base": {
			"className": "AndroidLightTree",
			"focusClassName": "",
			"node": {
				"className": "AndroidLightTreeNode",
				"hoverClassName": "",
				"selectedClassName": "AndroidLightTreeNodeSelected",
				"labelClassName": "AndroidLightTreeNodeLabel",
				"leaf": {
					"firstImage": "",
					"image": "cssIcon=AndroidLightIconBtn",
					"lastImage": ""
				},
				"branch": {
					"firstExpandedImage": "",
					"firstCollapsedImage": "",
					"firstExpandedHoverImage": "",
					"firstCollapsedHoverImage": "",
					"expandedImage": "cssIcon=AndroidLightIconBtn AndroidLightIconDown",
					"collapsedImage": "cssIcon=AndroidLightIconBtn AndroidLightIconRight",
					"expandedHoverImage": "",
					"collapsedHoverImage": "",
					"lastExpandedImage": "",
					"lastCollapsedImage": "",
					"lastExpandedHoverImage": "",
					"lastCollapsedHoverImage": ""
				}
			},
			"branch": {
				"className": "",
				"lineImage": "",
				"nullImage": "cssIcon=AndroidLightIconBtn"
			},
			"disabledClassName": ""
		}
	},
	"datePicker": {
		"base": {
			"className": "AndroidLightDP",
			"calendar": {
				"daysOfWeek": {
					"className": "AndroidLightDPDaysOfWeek"
				},
				"weeksOfYear": {
					"className": "AndroidLightDPWeeksOfYear",
					"headerClassName": "AndroidLightDPWeeksOfYearHeader"
				},
				"date": {
					"className": "AndroidLightDPDate",
					"weekendClassName": "AndroidLightDPDate",
					"todayClassName": "AndroidLightDPDateToday",
					"item": {
						"className": "AndroidLightDPItem",
						"hoverClassName": "AndroidLightDPItemHover",
						"selectedClassName": "AndroidLightDPItemSelected",
						"disabledClassName": "AndroidLightDPItemDisabled",
						"outOfRangeClassName": "AndroidLightDPItemOutOfRange"
					}
				}
			},
			"navigator": {
				"header": {
					"className": "AndroidLightDPHeader",
					"prevIcon": "cssIcon=AndroidLightIconBtn AndroidLightIconLeft",
					"nextIcon": "cssIcon=AndroidLightIconBtn AndroidLightIconRight",
					"prevIconHover": "",
					"nextIconHover": "",
					"item": {
						"className": "AndroidLightDPHeaderButton",
						"hoverClassName": "AndroidLightDPHeaderButtonHover",
						"selectedClassName": "AndroidLightDPHeaderButtonSelected"
					},
					"todayButton": {
						"location": "right",
						"html": "Today",
						"tip": "Select today's date"
					}
				},
				"panel": {
					"className": "AndroidLightDPPanel",
					"edit": {
						"className": "AndroidLightEdit"
					},
					"item": {
						"className": "AndroidLightDPPanelItem",
						"hoverClassName": "AndroidLightDPPanelItemHover",
						"selectedClassName": "AndroidLightDPPanelItemSelected",
						"disabledClassName": "AndroidLightDPPanelItemDisabled"
					}
				}
			},
			"disabledClassName": ""
		}
	},
	"timePicker": {
		"base": {
			"className": "AndroidLightTP",
			"edit": {
				"className": "AndroidLightEdit",
				"buttonClassName": "AndroidLightTPEditButton",
				"buttonImage": "cssIcon=AndroidLightIcon AndroidLightIconDown"
			},
			"meridianClassName": "AndroidLightTPMeridianButton",
			"disabledClassName": ""
		}
	},
	"editButtonGroup": {
		"base": {
			"watermark": {
				"className": "AndroidLightEditBGWatermark",
				"style": ""
			},
			"container": {
				"className": "AndroidLightEditBG",
				"hoverClassName": "AndroidLightEditBGHover",
				"focusClassName": "AndroidLightEditBGFocus",
				"separatorClassName": "AndroidLightEditBGSeparator",
				"editClassName": "AndroidLightEditBGEdit",
				"button": {
					"html": "{javascript}A5.u.icon.html('cssIcon=AndroidLightIcon AndroidLightIconDown')",
					"className": "AndroidLightEditBGButton",
					"hoverClassName": "AndroidLightEditBGButtonHover",
					"pressedClassName": "AndroidLightEditBGButtonPressed"
				},
				"errorClassName": ""
			},
			"window": {
				"pointer": {
					"show": true,
					"location": "auto"
				}
			}
		}
	},
	"button": {
		"base": {
			"className": "AndroidLightButton",
			"pressedClassName": "AndroidLightButtonPressed",
			"disabledClassName": "AndroidLightButtonDisabled",
			"hoverClassName": ""
		},
		"confirm": {
			"className": "AndroidLightButtonConfirm",
			"pressedClassName": "AndroidLightButtonConfirmPressed",
			"disabledClassName": "AndroidLightButtonConfirmDisabled",
			"hoverClassName": ""
		},
		"deny": {
			"className": "AndroidLightButtonDeny",
			"pressedClassName": "AndroidLightButtonDenyPressed",
			"disabledClassName": "AndroidLightButtonDenyDisabled",
			"hoverClassName": ""
		},
		"left": {
			"className": "AndroidLightButtonLeft",
			"pressedClassName": "AndroidLightButtonLeftPressed",
			"disabledClassName": "AndroidLightButtonDisabled",
			"hoverClassName": ""
		},
		"right": {
			"className": "AndroidLightButtonRight",
			"pressedClassName": "AndroidLightButtonRightPressed",
			"disabledClassName": "AndroidLightButtonDisabled",
			"hoverClassName": ""
		}
	},
	"buttonDropdown": {
		"base": {
			"className": "AndroidLightButtonDD",
			"hoverClassName": "",
			"pressedClassName": "AndroidLightButtonDDPressed",
			"disabledClassName": "AndroidLightButtonDDDisabled",
			"contentClassName": "AndroidLightButtonDDContent",
			"dropdown": {
				"className": "AndroidLightButtonDDDropdown",
				"icon": "",
				"location": "right",
				"html": ""
			}
		}
	},
	"buttonSplit": {
		"base": {
			"className": "AndroidLightButtonDD",
			"hoverClassName": "",
			"pressedClassName": "AndroidLightButtonDDPressed",
			"disabledClassName": "AndroidLightButtonDDDisabled",
			"contentClassName": "AndroidLightButtonDDSplitContent",
			"dropdown": {
				"className": "AndroidLightButtonDDSplitDropdown",
				"hoverClassName": "",
				"icon": "",
				"location": "right",
				"html": ""
			}
		}
	},
	"buttonList": {
		"base": {
			"button": {
				"className": "AndroidLightButton",
				"firstClassName": "AndroidLightButtonGroupHF",
				"lastClassName": "AndroidLightButtonGroupHL",
				"middleClassName": "AndroidLightButtonGroupHM",
				"hoverClassName": "",
				"pressedClassName": "AndroidLightButtonPressed",
				"disabledClassName": "AndroidLightButtonDisabled"
			},
			"className": ""
		},
		"vertical": {
			"button": {
				"className": "AndroidLightButton",
				"firstClassName": "AndroidLightButtonGroupVF",
				"lastClassName": "AndroidLightButtonGroupVL",
				"middleClassName": "AndroidLightButtonGroupVM",
				"hoverClassName": "",
				"pressedClassName": "AndroidLightButtonPressed",
				"disabledClassName": "AndroidLightButtonDisabled"
			},
			"className": ""
		}
	},
	"accordion": {
		"base": {
			"className": "AndroidLightAccordion",
			"titleClassName": "AndroidLightAccordionButton",
			"titleSelectedClassName": "AndroidLightAccordionButtonSelected",
			"titleDisabledClassName": "AndroidLightAccordionButtonDisabled",
			"paneClassName": "AndroidLightAccordionPane"
		}
	},
	"tab": {
		"base": {
			"className": "",
			"tabClassName": "AndroidLightTabTButton",
			"tabSelectedClassName": "AndroidLightTabTButtonSelected",
			"tabDisabledClassName": "AndroidLightTabTButtonDisabled",
			"paneClassName": "AndroidLightTabTPane",
			"location": "top",
			"tabsClassName": "AndroidLightTabTBand",
			"panesClassName": ""
		},
		"bottom": {
			"className": "",
			"tabClassName": "AndroidLightTabBButton",
			"tabSelectedClassName": "AndroidLightTabBButtonSelected",
			"tabDisabledClassName": "AndroidLightTabBButtonDisabled",
			"paneClassName": "AndroidLightTabBPane",
			"location": "top",
			"tabsClassName": "AndroidLightTabBBand",
			"panesClassName": ""
		},
		"right": {
			"className": "",
			"tabClassName": "AndroidLightTabRButton",
			"tabSelectedClassName": "AndroidLightTabRButtonSelected",
			"tabDisabledClassName": "AndroidLightTabRButtonDisabled",
			"paneClassName": "AndroidLightTabRPane",
			"location": "top",
			"tabsClassName": "AndroidLightTabRBand",
			"panesClassName": ""
		},
		"left": {
			"className": "",
			"tabClassName": "AndroidLightTabLButton",
			"tabSelectedClassName": "AndroidLightTabLButtonSelected",
			"tabDisabledClassName": "AndroidLightTabLButtonDisabled",
			"paneClassName": "AndroidLightTabLPane",
			"location": "top",
			"tabsClassName": "AndroidLightTabLBand",
			"panesClassName": ""
		}
	},
	"tabBand": {
		"base": {
			"location": "top",
			"className": "AndroidLightTabband",
			"separator": {
				"className": "AndroidLightTabbandSeparator",
				"show": false
			},
			"tab": {
				"className": "AndroidLightTabbandButton",
				"selectedClassName": "AndroidLightTabbandButtonSelected",
				"disabledClassName": "AndroidLightTabbandButtonDisabled",
				"closeClassName": "AndroidLightTabbandButtonClose",
				"closeIcon": "cssIcon=AndroidLightIcon AndroidLightIconClose AndroidLightTabbandClose",
				"closeIconHover": "",
				"closeIconStyle": "position: absolute; top: 0px; right: -6px;",
				"closeHoverIcon": ""
			},
			"scrollButtons": {
				"overlay": true,
				"fullHeight": true,
				"prevClassName": "AndroidLightTabbandTLScroll",
				"prevDisabledClassName": "AndroidLightTabbandTLScrollDisabled",
				"prevImage": "cssIcon=",
				"prevDisabledImage": "cssIcon=",
				"nextClassName": "AndroidLightTabbandTRScroll",
				"nextDisabledClassName": "AndroidLightTabbandTRScrollDisabled",
				"nextImage": "cssIcon=",
				"nextDisabledImage": "cssIcon="
			}
		},
		"icon": {
			"location": "bottom",
			"className": "AndroidLightTabbandIcon",
			"separator": {
				"className": "AndroidLightTabbandSeparator",
				"show": false
			},
			"tab": {
				"className": "AndroidLightTabbandButton",
				"selectedClassName": "AndroidLightTabbandButtonSelected",
				"disabledClassName": "AndroidLightTabbandButtonDisabled",
				"closeClassName": "AndroidLightTabbandButtonClose",
				"closeIcon": "cssIcon=AndroidLightIcon AndroidLightIconClose AndroidLightTabbandClose",
				"closeIconHover": "",
				"closeIconStyle": "position: absolute; top: 0px; right: -6px;",
				"closeHoverIcon": ""
			},
			"scrollButtons": {
				"overlay": true,
				"fullHeight": true,
				"prevClassName": "AndroidLightTabbandTLScroll",
				"prevDisabledClassName": "AndroidLightTabbandTLScrollDisabled",
				"prevImage": "cssIcon=",
				"prevDisabledImage": "cssIcon=",
				"nextClassName": "AndroidLightTabbandTRScroll",
				"nextDisabledClassName": "AndroidLightTabbandTRScrollDisabled",
				"nextImage": "cssIcon=",
				"nextDisabledImage": "cssIcon="
			}
		}
	},
	"slider": {
		"base": {
			"flow": "rtl",
			"className": "AndroidLightSlider",
			"innerClassName": "AndroidLightSliderInner",
			"handle": {
				"className": "AndroidLightSliderHandle",
				"selectedClassName": "AndroidLightSliderHandleSelected",
				"hoverClassName": "",
				"minClassName": "",
				"maxClassName": ""
			},
			"range": {
				"className": "AndroidLightSliderRange",
				"selectedClassName": "AndroidLightSliderRangeSelected",
				"hoverClassName": ""
			},
			"disabledClassName": ""
		}
	},
	"switch": {
		"base": {
			"className": "AndroidLightSwitch",
			"onClassName": "AndroidLightSwitchOn",
			"offClassName": "AndroidLightSwitchOff",
			"innerClassName": "AndroidLightSwitchInner",
			"rightClassName": "AndroidLightSwitchRight",
			"leftClassName": "AndroidLightSwitchLeft",
			"buttonClassName": "AndroidLightSwitchButton",
			"flow": "ltr",
			"disabledClassName": ""
		}
	},
	"scroller": {
		"base": {
			"className": "AndroidLightScrollerR",
			"focusClassName": "AndroidLightScrollerRFocus",
			"dialClassName": "AndroidLightScrollerRDialExpanded",
			"dial": {
				"className": "AndroidLightScrollerRDial",
				"invertDrag": false,
				"message": {
					"location": "center",
					"className": "",
					"mainClassName": ""
				}
			},
			"slider": {
				"className": "AndroidLightScrollerRSlider",
				"handle": {
					"className": "AndroidLightScrollerRSliderHandle"
				},
				"shadow": {
					"className": "AndroidLightScrollerRSliderShadow"
				},
				"message": {
					"className": "AndroidLightScrollerRSliderMsg",
					"bottomClassName": "AndroidLightScrollerRSliderMsgB",
					"topClassName": "AndroidLightScrollerRSliderMsgT",
					"rightClassName": "",
					"leftClassName": ""
				},
				"innerClassName": ""
			},
			"flow": "ttb",
			"location": "after",
			"offset": {
				"top": "0px",
				"bottom": "0px",
				"left": "0px",
				"right": "0px"
			},
			"leftClassName": "",
			"rightClassName": "",
			"topClassName": "",
			"bottomClassName": ""
		}
	},
	"scroll": {
		"base": {
			"indicator": {
				"h": {
					"className": "AndroidLightScrollIndH",
					"barClassName": "AndroidLightScrollIndHBar",
					"location": "bottom",
					"offset": "0px",
					"left": "0px",
					"right": "0px"
				},
				"v": {
					"className": "AndroidLightScrollIndV",
					"barClassName": "AndroidLightScrollIndVBar",
					"location": "right",
					"offset": "0px",
					"top": "0px",
					"bottom": "0px"
				}
			}
		}
	},
	"ink": {
		"base": {
			"view": {
				"className": "AndroidLightInkArea",
				"zoomBox": {
					"className": "AndroidLightInkZoomBox",
					"navigateClassName": "AndroidLightInkZoomBox",
					"scale": {
						"className": "AndroidLightInkZoomBoxScale"
					}
				},
				"page": {
					"className": "AndroidLightInkPage",
					"offset": 1
				}
			},
			"editor": {
				"className": "AndroidLightInkArea",
				"page": {
					"className": "AndroidLightInkPage",
					"offset": 1
				}
			},
			"split": {
				"bar": {
					"size": "1px",
					"className": "AndroidLightInkSplitBar",
					"verticalClassName": "",
					"horizontalClassName": "",
					"show": true
				}
			},
			"tools": {
				"pen": {
					"activeClassName": "",
					"preview": {
						"size": 40,
						"width": {
							"show": "never"
						},
						"clip": {
							"shape": "circle"
						}
					}
				},
				"eraser": {
					"activeClassName": "",
					"areaClassName": "AndroidLightInkEraser"
				},
				"pan": {
					"activeClassName": ""
				}
			},
			"ui": {
				"popup": {
					"lockClassName": "AndroidLightInkPopupLock",
					"className": "AndroidLightInkPopup",
					"group": {
						"className": "AndroidLightInkPopupGroup"
					},
					"swatch": {
						"className": "AndroidLightInkPopupSwatch",
						"selectedClassName": "AndroidLightInkPopupSwatchSelected"
					},
					"button": {
						"className": "AndroidLightInkPopupButton"
					}
				},
				"button": {
					"className": "AndroidLightInkButton",
					"selectedClassName": "AndroidLightInkButtonSelected"
				},
				"bar": {
					"topClassName": "AndroidLightInkBarTop",
					"bottomClassName": "AndroidLightInkBarBottom",
					"leftClassName": "AndroidLightInkBarLeft",
					"rightClassName": "AndroidLightInkBarRight"
				},
				"group": {
					"topClassName": "AndroidLightInkGroupTop",
					"bottomClassName": "AndroidLightInkGroupBottom",
					"leftClassName": "AndroidLightInkGroupLeft",
					"rightClassName": "AndroidLightInkGroupRight"
				},
				"statusClassName": "AndroidLightInkStatus",
				"icons": {
					"left": "cssIcon=AndroidLightIcon AndroidLightIconLeft",
					"right": "cssIcon=AndroidLightIcon AndroidLightIconRight",
					"newLineLTR": "<svg width=\"40\" height=\"40\" style=\"fill: none; stroke-width: 2px;\"><path d=\"m 16.582034,25.646454 -3.75,-3.75 3.75,-3.75 m 7,-4.5 9e-5,6.25 c 0,0 0,2.25 -2.25,2.25 l -8,0\" /></svg>",
					"newLineRTL": "<svg width=\"40\" height=\"40\" style=\"fill: none; stroke-width: 2px;\"><path d=\"m 23.417966,25.646454 3.75,-3.75 -3.75,-3.75 m -7,-4.5 -9e-5,6.25 c 0,0 0,2.25 2.25,2.25 l 8,0\" /></svg>",
					"eraser": "<svg width=\"40\" height=\"40\" style=\"stroke-width: 2px;\"><path d=\"m 12,16 8,8 -3,2.5 -6.5,0 -4.5,-4.5 z\" style=\"fill: none;\" /><path d=\"m 20,8 8,8 -8,8 -8,-8 z\" /><rect x=\"12\" y=\"26\" height=\"2\" width=\"20\" style=\"stroke: none;\"/></svg>",
					"undo": "cssIcon=AndroidLightIcon AndroidLightIconUndo",
					"redo": "cssIcon=AndroidLightIcon AndroidLightIconRedo",
					"expand": "<svg width=\"40\" height=\"40\" style=\"fill: none; stroke-width: 2px;\"><path d=\"m 10.99995,29.00005 7.5,-7.5 m -1.014243,7.9999 -6.985657,0 0,-6.985658 m 18.5,-11.514342 -7.5,7.5 m 1.014243,-7.9999 6.985657,0 0,6.985658\" /></svg>",
					"collapse": "<svg width=\"40\" height=\"40\" style=\"fill: none; stroke-width: 2px;\"><path d=\"m 28.485707,18.49995 -6.985657,0 0,-6.985658 m 0.4999,6.485758 7.5,-7.5 m -17.985657,11 6.985657,0 0,6.985658 m -0.4999,-6.485758 -7.5,7.5\" /></svg>",
					"in": "",
					"out": "",
					"fit": "",
					"pan": ""
				}
			},
			"className": "AndroidLightInk"
		}
	},
	"edit": {
		"base": {
			"className": "AndroidLightEdit",
			"errorClassName": "AndroidLightEditError",
			"watermark": {
				"className": "AndroidLightEditWatermark"
			}
		}
	},
	"controlBar": {
		"base": {
			"topClassName": "",
			"bottomClassName": "",
			"leftClassName": "",
			"rightClassName": "",
			"separator": {
				"horizontalClassName": "AndroidLightCtrlBarSepH",
				"verticalClassName": "AndroidLightCtrlBarSepV"
			},
			"disclosure": {
				"animation": {
					"duration": 300
				},
				"coverClassName": "",
				"cover": {
					"topClassName": "",
					"bottomClassName": "",
					"leftClassName": "",
					"rightClassName": ""
				},
				"extend": {
					"topClassName": "",
					"bottomClassName": "",
					"leftClassName": "",
					"rightClassName": ""
				},
				"expand": {
					"topClassName": "",
					"bottomClassName": "",
					"leftClassName": "",
					"rightClassName": ""
				},
				"defaults": {
					"className": "AndroidLightCtrlBarDis"
				}
			}
		}
	},
	"tabbedUI": {
	}
}