{
	"general": {
		"icons": {
			"expand": "cssIcon=AndroidDarkIcon AndroidDarkIconRight",
			"collapse": "cssIcon=AndroidDarkIcon AndroidDarkIconDown",
			"help": "cssIcon=AndroidDarkIcon AndroidDarkIconHelp",
			"info": "cssIcon=AndroidDarkIcon AndroidDarkIconInfo",
			"warning": "cssIcon=AndroidDarkIcon AndroidDarkIconWarning",
			"error": "cssIcon=AndroidDarkIcon AndroidDarkIconError",
			"menu": "cssIcon=AndroidDarkIcon AndroidDarkIconMenu",
			"refresh": "cssIcon=AndroidDarkIcon AndroidDarkIconRefresh",
			"refreshDisabled": "cssIcon=AndroidDarkIcon AndroidDarkIconDisabled AndroidDarkIconRefresh",
			"panel": {
				"collapseRight": "cssIcon=AndroidDarkIcon AndroidDarkIconLast",
				"expandRight": "cssIcon=AndroidDarkIcon AndroidDarkIconFirst",
				"collapseLeft": "cssIcon=AndroidDarkIcon AndroidDarkIconFirst",
				"expandLeft": "cssIcon=AndroidDarkIcon AndroidDarkIconLast"
			},
			"list": {
				"navigation": "cssIcon=AndroidDarkIcon AndroidDarkIconRight",
				"navigationSubtle": "cssIcon=AndroidDarkIcon AndroidDarkIconRight"
			},
			"edit": {
				"dropdown": "cssIcon=AndroidDarkIcon AndroidDarkIconDown",
				"date": "cssIcon=AndroidDarkIcon AndroidDarkIconDown",
				"dateTime": "cssIcon=AndroidDarkIcon AndroidDarkIconDown",
				"time": "cssIcon=AndroidDarkIcon AndroidDarkIconDown",
				"lookup": "cssIcon=AndroidDarkIcon AndroidDarkIconDown",
				"calculator": "cssIcon=AndroidDarkIcon AndroidDarkIconDown"
			}
		},
		"pageClassName": "AndroidDarkPage",
		"headingClassName": "AndroidDarkHeading",
		"text": {
			"className": "AndroidDarkText",
			"highlightClassName": "AndroidDarkTextHighlight"
		},
		"linkClassName": "AndroidDarkLink",
		"group": {
			"className": "AndroidDarkGroup",
			"labelClassName": ""
		},
		"iconSet": {
			"type": ""
		}
	},
	"grid": {
		"base": {
			"grid": {
				"className": "AndroidDarkGrid",
				"headerClassName": "AndroidDarkGridHeader",
				"footerClassName": "AndroidDarkGridFooter",
				"summaryLabelClassName": "AndroidDarkGridSummaryLabel",
				"summaryDataClassName": "AndroidDarkGridSummaryData",
				"qbeClassName": "AndroidDarkGridQBE",
				"separatorClassName": "AndroidDarkGridSeparator",
				"rowHeaderClassName": "AndroidDarkGridRowHeader",
				"rowHoverClassName": "AndroidDarkGridRowHover",
				"rowSelectedClassName": "AndroidDarkGridRowSelected",
				"dataHeaderClassName": "AndroidDarkGridDataHeader",
				"dataClassName": "AndroidDarkGridData",
				"dataAltClassName": "AndroidDarkGridDataAlt",
				"dataErrorClassName": "AndroidDarkGridDataError",
				"navClassName": "AndroidDarkGridNav"
			},
			"detailView": {
				"className": "AndroidDarkGridForm",
				"labelClassName": "AndroidDarkGridFormLabel",
				"dataClassName": "AndroidDarkGridFormData",
				"dataErrorClassName": "AndroidDarkGridFormDataError"
			},
			"icons": {
				"sort": {
					"asc": "cssIcon=AndroidDarkIconSm AndroidDarkIconUp",
					"ascDisabled": "cssIcon=AndroidDarkIconSm AndroidDarkIconDisabled AndroidDarkIconUp",
					"desc": "cssIcon=AndroidDarkIconSm AndroidDarkIconDown",
					"descDisabled": "cssIcon=AndroidDarkIconSm AndroidDarkIconDisabled AndroidDarkIconDown"
				},
				"page": {
					"first": "cssIcon=AndroidDarkIcon AndroidDarkIconFirst",
					"firstDisabled": "cssIcon=AndroidDarkIcon AndroidDarkIconDisabled AndroidDarkIconFirst",
					"prev": "cssIcon=AndroidDarkIcon AndroidDarkIconLeft",
					"prevDisabled": "cssIcon=AndroidDarkIcon AndroidDarkIconDisabled AndroidDarkIconLeft",
					"next": "cssIcon=AndroidDarkIcon AndroidDarkIconRight",
					"nextDisabled": "cssIcon=AndroidDarkIcon AndroidDarkIconDisabled AndroidDarkIconRight",
					"last": "cssIcon=AndroidDarkIcon AndroidDarkIconLast",
					"lastDisabled": "cssIcon=AndroidDarkIcon AndroidDarkIconDisabled AndroidDarkIconLast"
				},
				"row": {
					"selected": "cssIcon=AndroidDarkIcon AndroidDarkIconRight",
					"newRow": "cssIcon=AndroidDarkIcon AndroidDarkIconDisabled AndroidDarkIconNew",
					"newRowSelected": "cssIcon=AndroidDarkIcon AndroidDarkIconNew",
					"expand": "cssIcon=AndroidDarkIcon AndroidDarkIconRight",
					"collapse": "cssIcon=AndroidDarkIcon AndroidDarkIconDown",
					"error": "cssIcon=AndroidDarkIcon AndroidDarkIconError",
					"edit": "cssIcon=AndroidDarkIcon AndroidDarkIconEdit",
					"editDisabled": "cssIcon=AndroidDarkIcon AndroidDarkIconDisabled AndroidDarkIconEdit",
					"save": "cssIcon=AndroidDarkIcon AndroidDarkIconSave",
					"saveDisabled": "cssIcon=AndroidDarkIcon AndroidDarkIconDisabled AndroidDarkIconSave",
					"undoEdits": "cssIcon=AndroidDarkIcon AndroidDarkIconUndo",
					"undoEditsDisabled": "cssIcon=AndroidDarkIcon AndroidDarkIconDisabled AndroidDarkIconUndo",
					"cancelEdits": "cssIcon=AndroidDarkIcon AndroidDarkIconCancelEdit",
					"cancelEditsDisabled": "cssIcon=AndroidDarkIcon AndroidDarkIconDisabled AndroidDarkIconCancelEdit",
					"deleteRow": "cssIcon=AndroidDarkIcon AndroidDarkIconDelete",
					"deleteRowDisabled": "cssIcon=AndroidDarkIcon AndroidDarkIconDisabled AndroidDarkIconDelete"
				},
				"qbe": {
					"menu": "cssIcon=AndroidDarkIcon AndroidDarkIconFilter",
					"toggle": "cssIcon=AndroidDarkIcon AndroidDarkIconFilter",
					"selected": "cssIcon=AndroidDarkIconSm AndroidDarkIconCheck"
				},
				"search": {
					"search": "cssIcon=AndroidDarkIcon AndroidDarkIconSearch",
					"clear": "cssIcon=AndroidDarkIcon AndroidDarkIconDisabled AndroidDarkIconFilter",
					"toggle": "cssIcon=AndroidDarkIcon AndroidDarkIconFilter",
					"save": "cssIcon=AndroidDarkIcon AndroidDarkIconSave",
					"load": "cssIcon=AndroidDarkIcon AndroidDarkIconLoad"
				},
				"record": {
					"close": "cssIcon=AndroidDarkIcon AndroidDarkIconClose",
					"first": "cssIcon=AndroidDarkIcon AndroidDarkIconFirst",
					"firstDisabled": "cssIcon=AndroidDarkIcon AndroidDarkIconDisabled AndroidDarkIconFirst",
					"prev": "cssIcon=AndroidDarkIcon AndroidDarkIconLeft",
					"prevDisabled": "cssIcon=AndroidDarkIcon AndroidDarkIconDisabled AndroidDarkIconLeft",
					"next": "cssIcon=AndroidDarkIcon AndroidDarkIconRight",
					"nextDisabled": "cssIcon=AndroidDarkIcon AndroidDarkIconDisabled AndroidDarkIconRight",
					"last": "cssIcon=AndroidDarkIcon AndroidDarkIconLast",
					"lastDisabled": "cssIcon=AndroidDarkIcon AndroidDarkIconDisabled AndroidDarkIconLast",
					"newRecord": "cssIcon=AndroidDarkIcon AndroidDarkIconNew",
					"save": "cssIcon=AndroidDarkIcon AndroidDarkIconSave",
					"saveDisabled": "cssIcon=AndroidDarkIcon AndroidDarkIconDisabled AndroidDarkIconSave",
					"saveAndEnter": "cssIcon=AndroidDarkIcon AndroidDarkIconSaveAndEnter",
					"saveAndEnterDisabled": "cssIcon=AndroidDarkIcon AndroidDarkIconDisabled AndroidDarkIconSaveAndEnter",
					"deleteRecord": "cssIcon=AndroidDarkIcon AndroidDarkIconDelete",
					"deleteRecordDisabled": "cssIcon=AndroidDarkIcon AndroidDarkIconDisabled AndroidDarkIconDelete",
					"switchToView": "cssIcon=AndroidDarkIcon AndroidDarkIconCancel",
					"switchToEdit": "cssIcon=AndroidDarkIcon AndroidDarkIconEdit",
					"cancelEdits": "cssIcon=AndroidDarkIcon AndroidDarkIconCancelEdit",
					"cancelEditsDisabled": "cssIcon=AndroidDarkIcon AndroidDarkIconDisabled AndroidDarkIconCancelEdit",
					"newCancelEdits": "cssIcon=AndroidDarkIcon AndroidDarkIconCancelEdit"
				}
			}
		}
	},
	"ux": {
		"base": {
			"labelClassName": "AndroidDarkDialogLabel",
			"repeatingSection": {
				"headerClassName": "AndroidDarkDialogRSHeader",
				"footerClassName": "AndroidDarkDialogRSFooter",
				"rowClassName": "AndroidDarkDialogRSRow",
				"rowSelectedClassName": "AndroidDarkDialogRSRowSelected",
				"rowHoverClassName": "AndroidDarkDialogRSRowHover",
				"rowErrorClassName": "AndroidDarkDialogRSRowError",
				"rowSeparatorClassName": "AndroidDarkDialogRSRowSeparator"
			},
			"icons": {
				"repeatingSection": {
					"rowSelected": "cssIcon=AndroidDarkIcon AndroidDarkIconRight",
					"rowError": "cssIcon=AndroidDarkIconBtn AndroidDarkIconError",
					"rowAdd": "cssIcon=AndroidDarkIconBtn AndroidDarkIconAdd",
					"rowDelete": "cssIcon=AndroidDarkIconBtn AndroidDarkIconDelete"
				}
			}
		}
	},
	"panelCard": {
		"base": {
			"className": "AndroidDarkPanelCard",
			"header": {
				"className": "AndroidDarkPanelHeader"
			},
			"body": {
				"className": "AndroidDarkPanelBody"
			},
			"footer": {
				"className": "AndroidDarkPanelFooter"
			}
		},
		"top": {
			"className": "AndroidDarkPanelCard",
			"header": {
				"className": "AndroidDarkPanelHeader"
			},
			"body": {
				"className": "AndroidDarkPanelBody"
			},
			"footer": {
				"className": "AndroidDarkPanelFooter"
			}
		}
	},
	"panelNavigator": {
		"base": {
			"className": "AndroidDarkPanelNav",
			"header": {
				"className": "AndroidDarkPanelHeader"
			},
			"body": {
				"className": "AndroidDarkPanelBody"
			},
			"footer": {
				"className": "AndroidDarkPanelFooter"
			},
			"indicator": {
				"className": "AndroidDarkPanelNavInd",
				"panelClassName": "AndroidDarkPanelNavIndButton",
				"panelSelectedClassName": "AndroidDarkPanelNavIndButtonSelected"
			}
		},
		"top": {
			"className": "AndroidDarkPanelNav",
			"header": {
				"className": "AndroidDarkPanelHeader"
			},
			"body": {
				"className": "AndroidDarkPanelBody"
			},
			"footer": {
				"className": "AndroidDarkPanelFooter"
			},
			"indicator": {
				"className": "AndroidDarkPanelNavInd",
				"panelClassName": "AndroidDarkPanelNavIndButton",
				"panelSelectedClassName": "AndroidDarkPanelNavIndButtonSelected"
			}
		}
	},
	"panelLayout": {
		"base": {
			"className": "AndroidDarkPanelLayout",
			"header": {
				"className": "AndroidDarkPanelHeader"
			},
			"body": {
				"className": "AndroidDarkPanelBody",
				"ltrClassName": "",
				"rtlClassName": "",
				"ttbClassName": "",
				"bttClassName": ""
			},
			"footer": {
				"className": "AndroidDarkPanelFooter"
			},
			"dock": {
				"panel": {
					"beforeClassName": "",
					"afterClassName": ""
				},
				"flowLock": {
					"className": ""
				}
			}
		},
		"top": {
			"className": "AndroidDarkPanelLayout",
			"header": {
				"className": "AndroidDarkPanelHeader"
			},
			"body": {
				"className": "AndroidDarkPanelBody",
				"ltrClassName": "",
				"rtlClassName": "",
				"ttbClassName": "",
				"bttClassName": ""
			},
			"footer": {
				"className": "AndroidDarkPanelFooter"
			},
			"dock": {
				"panel": {
					"beforeClassName": "",
					"afterClassName": ""
				},
				"flowLock": {
					"className": ""
				}
			}
		}
	},
	"window": {
		"base": {
			"className": "AndroidDarkWin",
			"activeClassName": "",
			"adjustmentClassName": "",
			"outerWrapClassName": "AndroidDarkWinInner",
			"innerWrapClassName": "AndroidDarkWinBodyContainer",
			"lockUIClassName": "AndroidDarkUILock",
			"title": {
				"className": "AndroidDarkWinTitle",
				"tools": {
					"inset": "3px",
					"verticalInset": "3px",
					"className": ""
				},
				"location": "",
				"direction": ""
			},
			"header": {
				"className": "AndroidDarkWinHeader"
			},
			"tbar": {
				"className": "AndroidDarkWinTBar"
			},
			"body": {
				"className": "AndroidDarkWinBody"
			},
			"buttons": {
				"className": "AndroidDarkWinButtons"
			},
			"bbar": {
				"className": "AndroidDarkWinBBar"
			},
			"footer": {
				"className": "AndroidDarkWinFooter"
			},
			"resizer": {
				"className": "AndroidDarkWinResizer",
				"thumbImage": "cssIcon=AndroidDarkIcon AndroidDarkIconResizeThumb"
			},
			"pointer": {
				"size": 15,
				"upClassName": "AndroidDarkWinPointerUp",
				"leftClassName": "AndroidDarkWinPointerLeft",
				"downClassName": "AndroidDarkWinPointerDown",
				"rightClassName": "AndroidDarkWinPointerRight"
			},
			"_buttonDefaults": {
				"className": "AndroidDarkButton",
				"hoverClassName": "AndroidDarkButtonHover",
				"pressedClassName": "AndroidDarkButtonPressed",
				"disabledClassName": "AndroidDarkButtonDisabled"
			},
			"_defaultTools": {
				"close": {
					"action": "close",
					"name": "close",
					"image": "cssIcon=AndroidDarkIcon AndroidDarkIconClose",
					"imageHover": "",
					"imagePressed": ""
				}
			}
		},
		"dropdown": {
			"className": "AndroidDarkDDWin",
			"activeClassName": "",
			"adjustmentClassName": "",
			"outerWrapClassName": "AndroidDarkDDWinInner",
			"innerWrapClassName": "AndroidDarkDDWinBodyContainer",
			"lockUIClassName": "AndroidDarkUILock",
			"title": {
				"className": "AndroidDarkDDWinTitle",
				"tools": {
					"inset": "3px",
					"verticalInset": "3px",
					"className": ""
				},
				"location": "",
				"direction": ""
			},
			"header": {
				"className": "AndroidDarkDDWinHeader"
			},
			"tbar": {
				"className": "AndroidDarkDDWinTBar"
			},
			"body": {
				"className": "AndroidDarkDDWinBody"
			},
			"buttons": {
				"className": "AndroidDarkDDWinButtons"
			},
			"bbar": {
				"className": "AndroidDarkDDWinBBar"
			},
			"footer": {
				"className": "AndroidDarkDDWinFooter"
			},
			"resizer": {
				"className": "AndroidDarkDDWinResizer",
				"thumbImage": "cssIcon=AndroidDarkIcon AndroidDarkIconResizeThumb"
			},
			"pointer": {
				"size": 15,
				"upClassName": "AndroidDarkDDWinPointerUp",
				"leftClassName": "AndroidDarkDDWinPointerLeft",
				"downClassName": "AndroidDarkDDWinPointerDown",
				"rightClassName": "AndroidDarkDDWinPointerRight"
			},
			"_buttonDefaults": {
				"className": "AndroidDarkButton",
				"hoverClassName": "AndroidDarkButtonHover",
				"pressedClassName": "AndroidDarkButtonPressed",
				"disabledClassName": "AndroidDarkButtonDisabled"
			},
			"_defaultTools": {
				"close": {
					"action": "close",
					"name": "close",
					"image": "cssIcon=AndroidDarkIcon AndroidDarkIconClose",
					"imageHover": "",
					"imagePressed": ""
				}
			}
		},
		"panel": {
			"className": "AndroidDarkPanelCard",
			"activeClassName": "",
			"adjustmentClassName": "",
			"outerWrapClassName": "",
			"innerWrapClassName": "",
			"lockUIClassName": "AndroidDarkUILock",
			"title": {
				"className": "AndroidDarkPanelHeader",
				"location": "",
				"direction": "",
				"tools": {
					"inset": "2px",
					"verticalInset": "",
					"className": ""
				}
			},
			"header": {
				"className": "AndroidDarkPanelHeader"
			},
			"tbar": {
				"className": "AndroidDarkPanelHeader"
			},
			"body": {
				"className": "AndroidDarkPanelBody"
			},
			"buttons": {
				"className": "AndroidDarkPanelFooter"
			},
			"bbar": {
				"className": "AndroidDarkPanelFooter"
			},
			"footer": {
				"className": "AndroidDarkPanelFooter"
			},
			"resizer": {
				"className": "AndroidDarkDDWinResizer",
				"thumbImage": "cssIcon=AndroidDarkIcon AndroidDarkIconResizeThumb"
			},
			"_buttonDefaults": {
				"className": "AndroidDarkButton",
				"hoverClassName": "AndroidDarkButtonHover",
				"pressedClassName": "AndroidDarkButtonPressed",
				"disabledClassName": "AndroidDarkButtonDisabled"
			},
			"_defaultTools": {
				"close": {
					"action": "close",
					"name": "close",
					"image": "cssIcon=AndroidDarkIcon AndroidDarkIconClose",
					"imageHover": "",
					"imagePressed": ""
				}
			},
			"pointer": {
				"size": 10,
				"upClassName": "",
				"leftClassName": "",
				"downClassName": "",
				"rightClassName": ""
			}
		}
	},
	"menu": {
		"base": {
			"className": "AndroidDarkMenu",
			"innerClassName": "AndroidDarkMenuInner",
			"iconColumn": {
				"className": "",
				"preventIndentClassName": "",
				"width": "30px"
			},
			"cascadeOffsetX": 0,
			"cascadeOffsetY": -2,
			"item": {
				"className": "AndroidDarkMenuItem",
				"labelClassName": "",
				"hoverClassName": "AndroidDarkMenuItemHover",
				"selectedClassName": "AndroidDarkMenuItemSelected",
				"disabledClassName": "AndroidDarkMenuItemDisabled",
				"disabledHoverClassName": "",
				"cascadeClassName": "AndroidDarkMenuItemCascade",
				"separatorClassName": "AndroidDarkMenuSeparator",
				"titleClassName": "AndroidDarkMenuTitle",
				"radioImage": "cssIcon=AndroidDarkIconSm AndroidDarkIconRadio",
				"checkImage": "cssIcon=AndroidDarkIconSm AndroidDarkIconCheck",
				"iconClassName": ""
			},
			"pointer": {
				"show": true,
				"location": "auto",
				"size": 15,
				"upClassName": "AndroidDarkMenuPointerUp",
				"leftClassName": "AndroidDarkMenuPointerLeft",
				"downClassName": "AndroidDarkMenuPointerDown",
				"rightClassName": "AndroidDarkMenuPointerRight"
			}
		}
	},
	"menubar": {
		"base": {
			"item": {
				"className": "AndroidDarkMenubarHItem",
				"hoverClassName": "AndroidDarkMenubarHItemHover",
				"pressedClassName": "AndroidDarkMenubarHItemPressed",
				"disabledClassName": "AndroidDarkMenubarHItemDisabled",
				"cascadeClassName": "AndroidDarkMenubarHItemCascade",
				"separatorClassName": "AndroidDarkMenubarHSeparator"
			},
			"className": "",
			"layout": "horizontal"
		},
		"vertical": {
			"item": {
				"className": "AndroidDarkMenubarVItem",
				"hoverClassName": "AndroidDarkMenubarVItemHover",
				"pressedClassName": "AndroidDarkMenubarVItemPressed",
				"disabledClassName": "AndroidDarkMenubarVItemDisabled",
				"cascadeClassName": "AndroidDarkMenubarVItemCascade",
				"separatorClassName": "AndroidDarkMenubarVSeparator"
			},
			"className": "",
			"layout": "horizontal"
		}
	},
	"listbox": {
		"base": {
			"className": "AndroidDarkList",
			"focusClassName": "",
			"item": {
				"className": "AndroidDarkListItem",
				"hoverClassName": "",
				"selectedClassName": "AndroidDarkListItemSelected",
				"titleClassName": "AndroidDarkListTitle",
				"separatorClassName": "AndroidDarkListSeparator",
				"parts": {
					"mainClassName": "AndroidDarkListItemLabelMain",
					"subClassName": "AndroidDarkListItemLabelSub",
					"contextClassName": "AndroidDarkListItemLabelContext",
					"detailClassName": "AndroidDarkListItemLabelDetail",
					"contentClassName": "AndroidDarkListItemContent",
					"icons": {
						"navigate": "cssIcon=AndroidDarkIcon AndroidDarkIconRight",
						"navigateSubtle": "cssIcon=AndroidDarkIcon AndroidDarkIconRight"
					}
				}
			},
			"view": {
				"navigation": {
					"prev": {
						"className": "AndroidDarkListNavPrev",
						"pressedClassName": "AndroidDarkListNavPressed"
					},
					"next": {
						"className": "AndroidDarkListNavNext",
						"pressedClassName": "AndroidDarkListNavPressed"
					}
				}
			},
			"group": {
				"navigator": {
					"className": "AndroidDarkListGroupNav",
					"focusClassName": "AndroidDarkListGroupNavFocus",
					"location": "right",
					"offset": 4,
					"size": 28
				}
			},
			"columnLayout": {
				"header": {
					"className": "AndroidDarkListHeader",
					"item": {
						"className": "AndroidDarkListHeaderItem",
						"hoverClassName": "",
						"order": {
							"ascendingImage": "cssIcon=AndroidDarkIconSm AndroidDarkIconUp",
							"descendingImage": "cssIcon=AndroidDarkIconSm AndroidDarkIconDown",
							"style": "position: absolute; right: 12px; top: 50%; margin-top: -9px; display: none;",
							"className": ""
						},
						"resize": {
							"className": "AndroidDarkListHeaderItemResizeOverlay",
							"handle": {
								"size": "40px",
								"className": ""
							},
							"location": "after"
						}
					}
				},
				"data": {
					"item": {
						"className": ""
					}
				}
			},
			"disabledClassName": "",
			"header": {
				"className": ""
			},
			"footer": {
				"className": ""
			},
			"lock": {
				"className": ""
			},
			"content": {
				"header": {
					"className": ""
				},
				"footer": {
					"className": ""
				}
			}
		}
	},
	"spinList": {
		"base": {
			"className": "AndroidDarkSpinList",
			"item": {
				"className": "AndroidDarkSpinListItem"
			},
			"disabledClassName": "",
			"groupClassName": "AndroidDarkSpinListGroup"
		}
	},
	"tree": {
		"base": {
			"className": "AndroidDarkTree",
			"focusClassName": "",
			"node": {
				"className": "AndroidDarkTreeNode",
				"hoverClassName": "",
				"selectedClassName": "AndroidDarkTreeNodeSelected",
				"labelClassName": "AndroidDarkTreeNodeLabel",
				"leaf": {
					"firstImage": "",
					"image": "cssIcon=AndroidDarkIconBtn",
					"lastImage": ""
				},
				"branch": {
					"firstExpandedImage": "",
					"firstCollapsedImage": "",
					"firstExpandedHoverImage": "",
					"firstCollapsedHoverImage": "",
					"expandedImage": "cssIcon=AndroidDarkIconBtn AndroidDarkIconDown",
					"collapsedImage": "cssIcon=AndroidDarkIconBtn AndroidDarkIconRight",
					"expandedHoverImage": "",
					"collapsedHoverImage": "",
					"lastExpandedImage": "",
					"lastCollapsedImage": "",
					"lastExpandedHoverImage": "",
					"lastCollapsedHoverImage": ""
				}
			},
			"branch": {
				"className": "",
				"lineImage": "",
				"nullImage": "cssIcon=AndroidDarkIconBtn"
			},
			"disabledClassName": ""
		}
	},
	"datePicker": {
		"base": {
			"className": "AndroidDarkDP",
			"calendar": {
				"daysOfWeek": {
					"className": "AndroidDarkDPDaysOfWeek"
				},
				"weeksOfYear": {
					"className": "AndroidDarkDPWeeksOfYear",
					"headerClassName": "AndroidDarkDPWeeksOfYearHeader"
				},
				"date": {
					"className": "AndroidDarkDPDate",
					"weekendClassName": "AndroidDarkDPDate",
					"todayClassName": "AndroidDarkDPDateToday",
					"item": {
						"className": "AndroidDarkDPItem",
						"hoverClassName": "AndroidDarkDPItemHover",
						"selectedClassName": "AndroidDarkDPItemSelected",
						"disabledClassName": "AndroidDarkDPItemDisabled",
						"outOfRangeClassName": "AndroidDarkDPItemOutOfRange"
					}
				}
			},
			"navigator": {
				"header": {
					"className": "AndroidDarkDPHeader",
					"prevIcon": "cssIcon=AndroidDarkIconBtn AndroidDarkIconLeft",
					"nextIcon": "cssIcon=AndroidDarkIconBtn AndroidDarkIconRight",
					"prevIconHover": "",
					"nextIconHover": "",
					"item": {
						"className": "AndroidDarkDPHeaderButton",
						"hoverClassName": "AndroidDarkDPHeaderButtonHover",
						"selectedClassName": "AndroidDarkDPHeaderButtonSelected"
					},
					"todayButton": {
						"location": "right",
						"html": "Today",
						"tip": "Select today's date"
					}
				},
				"panel": {
					"className": "AndroidDarkDPPanel",
					"edit": {
						"className": "AndroidDarkEdit"
					},
					"item": {
						"className": "AndroidDarkDPPanelItem",
						"hoverClassName": "AndroidDarkDPPanelItemHover",
						"selectedClassName": "AndroidDarkDPPanelItemSelected",
						"disabledClassName": "AndroidDarkDPPanelItemDisabled"
					}
				}
			},
			"disabledClassName": ""
		}
	},
	"timePicker": {
		"base": {
			"className": "AndroidDarkTP",
			"edit": {
				"className": "AndroidDarkEdit",
				"buttonClassName": "AndroidDarkTPEditButton",
				"buttonImage": "cssIcon=AndroidDarkIcon AndroidDarkIconDown"
			},
			"meridianClassName": "AndroidDarkTPMeridianButton",
			"disabledClassName": ""
		}
	},
	"editButtonGroup": {
		"base": {
			"watermark": {
				"className": "AndroidDarkEditBGWatermark",
				"style": ""
			},
			"container": {
				"className": "AndroidDarkEditBG",
				"hoverClassName": "AndroidDarkEditBGHover",
				"focusClassName": "AndroidDarkEditBGFocus",
				"separatorClassName": "AndroidDarkEditBGSeparator",
				"editClassName": "AndroidDarkEditBGEdit",
				"button": {
					"html": "{javascript}A5.u.icon.html('cssIcon=AndroidDarkIcon AndroidDarkIconDown')",
					"className": "AndroidDarkEditBGButton",
					"hoverClassName": "AndroidDarkEditBGButtonHover",
					"pressedClassName": "AndroidDarkEditBGButtonPressed"
				},
				"errorClassName": ""
			},
			"window": {
				"pointer": {
					"show": true,
					"location": "auto"
				}
			}
		}
	},
	"button": {
		"base": {
			"className": "AndroidDarkButton",
			"pressedClassName": "AndroidDarkButtonPressed",
			"disabledClassName": "AndroidDarkButtonDisabled",
			"hoverClassName": ""
		},
		"confirm": {
			"className": "AndroidDarkButtonConfirm",
			"pressedClassName": "AndroidDarkButtonConfirmPressed",
			"disabledClassName": "AndroidDarkButtonConfirmDisabled",
			"hoverClassName": ""
		},
		"deny": {
			"className": "AndroidDarkButtonDeny",
			"pressedClassName": "AndroidDarkButtonDenyPressed",
			"disabledClassName": "AndroidDarkButtonDenyDisabled",
			"hoverClassName": ""
		},
		"left": {
			"className": "AndroidDarkButtonLeft",
			"pressedClassName": "AndroidDarkButtonLeftPressed",
			"disabledClassName": "AndroidDarkButtonDisabled",
			"hoverClassName": ""
		},
		"right": {
			"className": "AndroidDarkButtonRight",
			"pressedClassName": "AndroidDarkButtonRightPressed",
			"disabledClassName": "AndroidDarkButtonDisabled",
			"hoverClassName": ""
		}
	},
	"buttonDropdown": {
		"base": {
			"className": "AndroidDarkButtonDD",
			"hoverClassName": "",
			"pressedClassName": "AndroidDarkButtonDDPressed",
			"disabledClassName": "AndroidDarkButtonDDDisabled",
			"contentClassName": "AndroidDarkButtonDDContent",
			"dropdown": {
				"className": "AndroidDarkButtonDDDropdown",
				"icon": "",
				"location": "right",
				"html": ""
			}
		}
	},
	"buttonSplit": {
		"base": {
			"className": "AndroidDarkButtonDD",
			"hoverClassName": "",
			"pressedClassName": "AndroidDarkButtonDDPressed",
			"disabledClassName": "AndroidDarkButtonDDDisabled",
			"contentClassName": "AndroidDarkButtonDDSplitContent",
			"dropdown": {
				"className": "AndroidDarkButtonDDSplitDropdown",
				"hoverClassName": "",
				"icon": "",
				"location": "right",
				"html": ""
			}
		}
	},
	"buttonList": {
		"base": {
			"button": {
				"className": "AndroidDarkButton",
				"firstClassName": "AndroidDarkButtonGroupHF",
				"lastClassName": "AndroidDarkButtonGroupHL",
				"middleClassName": "AndroidDarkButtonGroupHM",
				"hoverClassName": "",
				"pressedClassName": "AndroidDarkButtonPressed",
				"disabledClassName": "AndroidDarkButtonDisabled"
			},
			"className": ""
		},
		"vertical": {
			"button": {
				"className": "AndroidDarkButton",
				"firstClassName": "AndroidDarkButtonGroupVF",
				"lastClassName": "AndroidDarkButtonGroupVL",
				"middleClassName": "AndroidDarkButtonGroupVM",
				"hoverClassName": "",
				"pressedClassName": "AndroidDarkButtonPressed",
				"disabledClassName": "AndroidDarkButtonDisabled"
			},
			"className": ""
		}
	},
	"accordion": {
		"base": {
			"className": "AndroidDarkAccordion",
			"titleClassName": "AndroidDarkAccordionButton",
			"titleSelectedClassName": "AndroidDarkAccordionButtonSelected",
			"titleDisabledClassName": "AndroidDarkAccordionButtonDisabled",
			"paneClassName": "AndroidDarkAccordionPane"
		}
	},
	"tab": {
		"base": {
			"className": "",
			"tabClassName": "AndroidDarkTabTButton",
			"tabSelectedClassName": "AndroidDarkTabTButtonSelected",
			"tabDisabledClassName": "AndroidDarkTabTButtonDisabled",
			"paneClassName": "AndroidDarkTabTPane",
			"location": "top",
			"tabsClassName": "AndroidDarkTabTBand",
			"panesClassName": ""
		},
		"bottom": {
			"className": "",
			"tabClassName": "AndroidDarkTabBButton",
			"tabSelectedClassName": "AndroidDarkTabBButtonSelected",
			"tabDisabledClassName": "AndroidDarkTabBButtonDisabled",
			"paneClassName": "AndroidDarkTabBPane",
			"location": "top",
			"tabsClassName": "AndroidDarkTabBBand",
			"panesClassName": ""
		},
		"right": {
			"className": "",
			"tabClassName": "AndroidDarkTabRButton",
			"tabSelectedClassName": "AndroidDarkTabRButtonSelected",
			"tabDisabledClassName": "AndroidDarkTabRButtonDisabled",
			"paneClassName": "AndroidDarkTabRPane",
			"location": "top",
			"tabsClassName": "AndroidDarkTabRBand",
			"panesClassName": ""
		},
		"left": {
			"className": "",
			"tabClassName": "AndroidDarkTabLButton",
			"tabSelectedClassName": "AndroidDarkTabLButtonSelected",
			"tabDisabledClassName": "AndroidDarkTabLButtonDisabled",
			"paneClassName": "AndroidDarkTabLPane",
			"location": "top",
			"tabsClassName": "AndroidDarkTabLBand",
			"panesClassName": ""
		}
	},
	"tabBand": {
		"base": {
			"location": "top",
			"className": "AndroidDarkTabband",
			"separator": {
				"className": "AndroidDarkTabbandSeparator",
				"show": false
			},
			"tab": {
				"className": "AndroidDarkTabbandButton",
				"selectedClassName": "AndroidDarkTabbandButtonSelected",
				"disabledClassName": "AndroidDarkTabbandButtonDisabled",
				"closeClassName": "AndroidDarkTabbandButtonClose",
				"closeIcon": "cssIcon=AndroidDarkIcon AndroidDarkIconClose AndroidDarkTabbandClose",
				"closeIconHover": "",
				"closeIconStyle": "position: absolute; top: 0px; right: -6px;",
				"closeHoverIcon": ""
			},
			"scrollButtons": {
				"overlay": true,
				"fullHeight": true,
				"prevClassName": "AndroidDarkTabbandTLScroll",
				"prevDisabledClassName": "AndroidDarkTabbandTLScrollDisabled",
				"prevImage": "cssIcon=",
				"prevDisabledImage": "cssIcon=",
				"nextClassName": "AndroidDarkTabbandTRScroll",
				"nextDisabledClassName": "AndroidDarkTabbandTRScrollDisabled",
				"nextImage": "cssIcon=",
				"nextDisabledImage": "cssIcon="
			}
		},
		"icon": {
			"location": "bottom",
			"className": "AndroidDarkTabbandIcon",
			"separator": {
				"className": "AndroidDarkTabbandSeparator",
				"show": false
			},
			"tab": {
				"className": "AndroidDarkTabbandButton",
				"selectedClassName": "AndroidDarkTabbandButtonSelected",
				"disabledClassName": "AndroidDarkTabbandButtonDisabled",
				"closeClassName": "AndroidDarkTabbandButtonClose",
				"closeIcon": "cssIcon=AndroidDarkIcon AndroidDarkIconClose AndroidDarkTabbandClose",
				"closeIconHover": "",
				"closeIconStyle": "position: absolute; top: 0px; right: -6px;",
				"closeHoverIcon": ""
			},
			"scrollButtons": {
				"overlay": true,
				"fullHeight": true,
				"prevClassName": "AndroidDarkTabbandTLScroll",
				"prevDisabledClassName": "AndroidDarkTabbandTLScrollDisabled",
				"prevImage": "cssIcon=",
				"prevDisabledImage": "cssIcon=",
				"nextClassName": "AndroidDarkTabbandTRScroll",
				"nextDisabledClassName": "AndroidDarkTabbandTRScrollDisabled",
				"nextImage": "cssIcon=",
				"nextDisabledImage": "cssIcon="
			}
		}
	},
	"slider": {
		"base": {
			"flow": "rtl",
			"className": "AndroidDarkSlider",
			"innerClassName": "AndroidDarkSliderInner",
			"handle": {
				"className": "AndroidDarkSliderHandle",
				"selectedClassName": "AndroidDarkSliderHandleSelected",
				"hoverClassName": "",
				"minClassName": "",
				"maxClassName": ""
			},
			"range": {
				"className": "AndroidDarkSliderRange",
				"selectedClassName": "AndroidDarkSliderRangeSelected",
				"hoverClassName": ""
			},
			"disabledClassName": ""
		}
	},
	"switch": {
		"base": {
			"className": "AndroidDarkSwitch",
			"onClassName": "AndroidDarkSwitchOn",
			"offClassName": "AndroidDarkSwitchOff",
			"innerClassName": "AndroidDarkSwitchInner",
			"rightClassName": "AndroidDarkSwitchRight",
			"leftClassName": "AndroidDarkSwitchLeft",
			"buttonClassName": "AndroidDarkSwitchButton",
			"flow": "ltr",
			"disabledClassName": ""
		}
	},
	"scroller": {
		"base": {
			"className": "AndroidDarkScrollerR",
			"focusClassName": "AndroidDarkScrollerRFocus",
			"dialClassName": "AndroidDarkScrollerRDialExpanded",
			"dial": {
				"className": "AndroidDarkScrollerRDial",
				"invertDrag": false,
				"message": {
					"location": "center",
					"className": "",
					"mainClassName": ""
				}
			},
			"slider": {
				"className": "AndroidDarkScrollerRSlider",
				"handle": {
					"className": "AndroidDarkScrollerRSliderHandle"
				},
				"shadow": {
					"className": "AndroidDarkScrollerRSliderShadow"
				},
				"message": {
					"className": "AndroidDarkScrollerRSliderMsg",
					"bottomClassName": "AndroidDarkScrollerRSliderMsgB",
					"topClassName": "AndroidDarkScrollerRSliderMsgT",
					"rightClassName": "",
					"leftClassName": ""
				},
				"innerClassName": ""
			},
			"flow": "ttb",
			"location": "after",
			"offset": {
				"top": "0px",
				"bottom": "0px",
				"left": "0px",
				"right": "0px"
			},
			"leftClassName": "",
			"rightClassName": "",
			"topClassName": "",
			"bottomClassName": ""
		}
	},
	"scroll": {
		"base": {
			"indicator": {
				"h": {
					"className": "AndroidDarkScrollIndH",
					"barClassName": "AndroidDarkScrollIndHBar",
					"location": "bottom",
					"offset": "0px",
					"left": "0px",
					"right": "0px"
				},
				"v": {
					"className": "AndroidDarkScrollIndV",
					"barClassName": "AndroidDarkScrollIndVBar",
					"location": "right",
					"offset": "0px",
					"top": "0px",
					"bottom": "0px"
				}
			}
		}
	},
	"ink": {
		"base": {
			"view": {
				"className": "AndroidDarkInkArea",
				"zoomBox": {
					"className": "AndroidDarkInkZoomBox",
					"navigateClassName": "AndroidDarkInkZoomBox",
					"scale": {
						"className": "AndroidDarkInkZoomBoxScale"
					}
				},
				"page": {
					"className": "AndroidDarkInkPage",
					"offset": 1
				}
			},
			"editor": {
				"className": "AndroidDarkInkArea",
				"page": {
					"className": "AndroidDarkInkPage",
					"offset": 1
				}
			},
			"split": {
				"bar": {
					"size": "1px",
					"className": "AndroidDarkInkSplitBar",
					"verticalClassName": "",
					"horizontalClassName": "",
					"show": true
				}
			},
			"tools": {
				"pen": {
					"activeClassName": "",
					"preview": {
						"size": 40,
						"width": {
							"show": "never"
						},
						"clip": {
							"shape": "circle"
						}
					}
				},
				"eraser": {
					"activeClassName": "",
					"areaClassName": "AndroidDarkInkEraser"
				},
				"pan": {
					"activeClassName": ""
				}
			},
			"ui": {
				"popup": {
					"lockClassName": "AndroidDarkInkPopupLock",
					"className": "AndroidDarkInkPopup",
					"group": {
						"className": "AndroidDarkInkPopupGroup"
					},
					"swatch": {
						"className": "AndroidDarkInkPopupSwatch",
						"selectedClassName": "AndroidDarkInkPopupSwatchSelected"
					},
					"button": {
						"className": "AndroidDarkInkPopupButton"
					}
				},
				"button": {
					"className": "AndroidDarkInkButton",
					"selectedClassName": "AndroidDarkInkButtonSelected"
				},
				"bar": {
					"topClassName": "AndroidDarkInkBarTop",
					"bottomClassName": "AndroidDarkInkBarBottom",
					"leftClassName": "AndroidDarkInkBarLeft",
					"rightClassName": "AndroidDarkInkBarRight"
				},
				"group": {
					"topClassName": "AndroidDarkInkGroupTop",
					"bottomClassName": "AndroidDarkInkGroupBottom",
					"leftClassName": "AndroidDarkInkGroupLeft",
					"rightClassName": "AndroidDarkInkGroupRight"
				},
				"statusClassName": "AndroidDarkInkStatus",
				"icons": {
					"left": "cssIcon=AndroidDarkIcon AndroidDarkIconLeft",
					"right": "cssIcon=AndroidDarkIcon AndroidDarkIconRight",
					"newLineLTR": "<svg width=\"40\" height=\"40\" style=\"fill: none; stroke-width: 2px;\"><path d=\"m 16.582034,25.646454 -3.75,-3.75 3.75,-3.75 m 7,-4.5 9e-5,6.25 c 0,0 0,2.25 -2.25,2.25 l -8,0\" /></svg>",
					"newLineRTL": "<svg width=\"40\" height=\"40\" style=\"fill: none; stroke-width: 2px;\"><path d=\"m 23.417966,25.646454 3.75,-3.75 -3.75,-3.75 m -7,-4.5 -9e-5,6.25 c 0,0 0,2.25 2.25,2.25 l 8,0\" /></svg>",
					"eraser": "<svg width=\"40\" height=\"40\" style=\"stroke-width: 2px;\"><path d=\"m 12,16 8,8 -3,2.5 -6.5,0 -4.5,-4.5 z\" style=\"fill: none;\" /><path d=\"m 20,8 8,8 -8,8 -8,-8 z\" /><rect x=\"12\" y=\"26\" height=\"2\" width=\"20\" style=\"stroke: none;\"/></svg>",
					"undo": "cssIcon=AndroidDarkIcon AndroidDarkIconUndo",
					"redo": "cssIcon=AndroidDarkIcon AndroidDarkIconRedo",
					"expand": "<svg width=\"40\" height=\"40\" style=\"fill: none; stroke-width: 2px;\"><path d=\"m 10.99995,29.00005 7.5,-7.5 m -1.014243,7.9999 -6.985657,0 0,-6.985658 m 18.5,-11.514342 -7.5,7.5 m 1.014243,-7.9999 6.985657,0 0,6.985658\" /></svg>",
					"collapse": "<svg width=\"40\" height=\"40\" style=\"fill: none; stroke-width: 2px;\"><path d=\"m 28.485707,18.49995 -6.985657,0 0,-6.985658 m 0.4999,6.485758 7.5,-7.5 m -17.985657,11 6.985657,0 0,6.985658 m -0.4999,-6.485758 -7.5,7.5\" /></svg>",
					"in": "",
					"out": "",
					"fit": "",
					"pan": ""
				}
			},
			"className": "AndroidDarkInk"
		}
	},
	"edit": {
		"base": {
			"className": "AndroidDarkEdit",
			"errorClassName": "AndroidDarkEditError",
			"watermark": {
				"className": "AndroidDarkEditWatermark"
			}
		}
	},
	"controlBar": {
		"base": {
			"topClassName": "",
			"bottomClassName": "",
			"leftClassName": "",
			"rightClassName": "",
			"separator": {
				"horizontalClassName": "AndroidDarkCtrlBarSepH",
				"verticalClassName": "AndroidDarkCtrlBarSepV"
			},
			"disclosure": {
				"animation": {
					"duration": 300
				},
				"coverClassName": "",
				"cover": {
					"topClassName": "",
					"bottomClassName": "",
					"leftClassName": "",
					"rightClassName": ""
				},
				"extend": {
					"topClassName": "",
					"bottomClassName": "",
					"leftClassName": "",
					"rightClassName": ""
				},
				"expand": {
					"topClassName": "",
					"bottomClassName": "",
					"leftClassName": "",
					"rightClassName": ""
				},
				"defaults": {
					"className": "AndroidDarkCtrlBarDis"
				}
			}
		}
	},
	"tabbedUI": {
	}
}